{
	"credit": "Made by HiScythe",
	"texture_size": [32, 32],
	"textures": {
		"0": "item/mace_head",
		"1": "item/mace_rod",
		"particle": "item/mace"
	},
	"elements": [
		{
			"from": [2, 2, 7.5],
			"to": [5, 5, 8.5],
			"rotation": {"angle": 45, "axis": "z", "origin": [8, 8, 8]},
			"faces": {
				"north": {"uv": [3, 13, 0, 16], "texture": "#1"},
				"east": {"uv": [2, 13, 3, 16], "texture": "#1"},
				"south": {"uv": [0, 13, 3, 16], "texture": "#1"},
				"west": {"uv": [0, 13, 1, 16], "texture": "#1"},
				"up": {"uv": [0, 13, 3, 14], "texture": "#1"},
				"down": {"uv": [0, 15, 3, 16], "texture": "#1"}
			}
		},
		{
			"from": [4, 4, 7.5],
			"to": [6, 6, 8.5],
			"rotation": {"angle": 45, "axis": "z", "origin": [8, 8, 8]},
			"faces": {
				"north": {"uv": [4, 12, 2, 14], "texture": "#1"},
				"east": {"uv": [3, 12, 4, 14], "texture": "#1"},
				"south": {"uv": [2, 12, 4, 14], "texture": "#1"},
				"west": {"uv": [2, 12, 3, 14], "texture": "#1"},
				"up": {"uv": [2, 12, 4, 13], "texture": "#1"},
				"down": {"uv": [2, 13, 4, 14], "texture": "#1"}
			}
		},
		{
			"from": [5, 5, 7.5],
			"to": [7, 7, 8.5],
			"rotation": {"angle": 45, "axis": "z", "origin": [8, 8, 8]},
			"faces": {
				"north": {"uv": [5, 11, 3, 13], "texture": "#1"},
				"east": {"uv": [4, 11, 5, 13], "texture": "#1"},
				"south": {"uv": [3, 11, 5, 13], "texture": "#1"},
				"west": {"uv": [3, 11, 4, 13], "texture": "#1"},
				"up": {"uv": [3, 11, 5, 12], "texture": "#1"},
				"down": {"uv": [3, 12, 5, 13], "texture": "#1"}
			}
		},
		{
			"from": [6, 6, 7.5],
			"to": [8, 8, 8.5],
			"rotation": {"angle": 45, "axis": "z", "origin": [8, 8, 8]},
			"faces": {
				"north": {"uv": [6, 10, 4, 12], "texture": "#1"},
				"east": {"uv": [5, 10, 6, 12], "texture": "#1"},
				"south": {"uv": [4, 10, 6, 12], "texture": "#1"},
				"west": {"uv": [4, 10, 5, 12], "texture": "#1"},
				"up": {"uv": [4, 10, 6, 11], "texture": "#1"},
				"down": {"uv": [4, 11, 6, 12], "texture": "#1"}
			}
		},
		{
			"from": [7, 7, 7.5],
			"to": [9, 9, 8.5],
			"rotation": {"angle": 45, "axis": "z", "origin": [8, 8, 8]},
			"faces": {
				"north": {"uv": [7, 9, 5, 11], "texture": "#1"},
				"east": {"uv": [6, 9, 7, 11], "texture": "#1"},
				"south": {"uv": [5, 9, 7, 11], "texture": "#1"},
				"west": {"uv": [5, 9, 6, 11], "texture": "#1"},
				"up": {"uv": [5, 9, 7, 10], "texture": "#1"},
				"down": {"uv": [5, 10, 7, 11], "texture": "#1"}
			}
		},
		{
			"from": [8, 8, 7.5],
			"to": [10, 10, 8.5],
			"rotation": {"angle": 45, "axis": "z", "origin": [8, 8, 8]},
			"faces": {
				"north": {"uv": [8, 8, 6, 10], "texture": "#1"},
				"east": {"uv": [7, 8, 8, 10], "texture": "#1"},
				"south": {"uv": [6, 8, 8, 10], "texture": "#1"},
				"west": {"uv": [6, 8, 7, 10], "texture": "#1"},
				"up": {"uv": [6, 8, 8, 9], "texture": "#1"},
				"down": {"uv": [6, 9, 8, 10], "texture": "#1"}
			}
		},
		{
			"from": [9, 9, 7.5],
			"to": [11, 11, 8.5],
			"rotation": {"angle": 45, "axis": "z", "origin": [8, 8, 8]},
			"faces": {
				"north": {"uv": [9, 7, 7, 9], "texture": "#1"},
				"east": {"uv": [8, 7, 9, 9], "texture": "#1"},
				"south": {"uv": [7, 7, 9, 9], "texture": "#1"},
				"west": {"uv": [7, 7, 8, 9], "texture": "#1"},
				"up": {"uv": [7, 7, 9, 8], "texture": "#1"},
				"down": {"uv": [7, 8, 9, 9], "texture": "#1"}
			}
		},
		{
			"from": [16, 14.5, 7.5],
			"to": [18, 16.5, 8.5],
			"rotation": {"angle": 45, "axis": "z", "origin": [8, 6.5, 8]},
			"faces": {
				"north": {"uv": [15, 1, 13, 3], "texture": "#1"},
				"east": {"uv": [14, 1, 15, 3], "texture": "#1"},
				"south": {"uv": [13, 1, 15, 3], "texture": "#1"},
				"west": {"uv": [13, 1, 14, 3], "texture": "#1"},
				"up": {"uv": [13, 1, 15, 2], "texture": "#1"},
				"down": {"uv": [13, 2, 15, 3], "texture": "#1"}
			}
		},
		{
			"from": [4.1, 10.3, 4],
			"to": [11.9, 18.1, 11.8],
			"rotation": {"angle": 45, "axis": "y", "origin": [8.1, 6.8, 8]},
			"faces": {
				"north": {"uv": [0, 0, 4, 4], "texture": "#0"},
				"east": {"uv": [0, 0, 4, 4], "texture": "#0"},
				"south": {"uv": [0, 0, 4, 4], "texture": "#0"},
				"west": {"uv": [0, 0, 4, 4], "texture": "#0"},
				"up": {"uv": [8, 0, 12, 4], "texture": "#0"},
				"down": {"uv": [4, 0, 8, 4], "texture": "#0"}
			}
		},
		{
			"from": [4, 10.2, 4],
			"to": [12, 18.2, 12],
			"rotation": {"angle": 45, "axis": "y", "origin": [8, 7.2, 8]},
			"faces": {
				"north": {"uv": [0, 4, 4, 8], "texture": "#0"},
				"east": {"uv": [0, 4, 4, 8], "texture": "#0"},
				"south": {"uv": [0, 4, 4, 8], "texture": "#0"},
				"west": {"uv": [0, 4, 4, 8], "texture": "#0"},
				"up": {"uv": [0, 8, 4, 12], "rotation": 270, "texture": "#0"},
				"down": {"uv": [4, 4, 8, 8], "texture": "#0"}
			}
		}
	],
	"gui_light": "front",
	"display": {
		"thirdperson_righthand": {
			"rotation": [0, 90, 0],
			"translation": [0, 0, 1.25],
			"scale": [0.85, 0.85, 0.85]
		},
		"thirdperson_lefthand": {
			"rotation": [0, 90, 0],
			"translation": [0, 0, 1.25],
			"scale": [0.85, 0.85, 0.85]
		},
		"firstperson_righthand": {
			"rotation": [0, -90, 25],
			"translation": [1.13, 3.2, 1.13],
			"scale": [0.68, 0.68, 0.68]
		},
		"firstperson_lefthand": {
			"rotation": [0, 90, -25],
			"translation": [1.13, 3.2, 1.13],
			"scale": [0.68, 0.68, 0.68]
		},
		"ground": {
			"rotation": [0, 0, 45],
			"translation": [0, 1, 0],
			"scale": [0.5, 0.5, 0.5]
		},
		"gui": {
			"rotation": [0, 0, -45],
			"translation": [-2, -2, 0]
		},
		"head": {
			"rotation": [0, 180, -45],
			"translation": [2, 11, 7]
		},
		"fixed": {
			"rotation": [0, 0, 45],
			"translation": [2, -2, 0]
		}
	}
}